{"rasterization_size":64,"line_metrics":{"ascent":63.09375,"descent":-22.71875,"line_gap":0.0,"new_line_size":85.8125},"name":"marko_one_regular","glyphs":{"b":{"xmin":-14.375,"ymin":-17.28125,"width":69.46875,"height":81.65625,"advance":41.59375,"is_white_space":false,"uv_min":[0.18945312,0.9111328],"uv_max":[0.25878906,0.9921875]},"\t":{"xmin":2.15625,"ymin":-5.03125,"width":58.34375,"height":44.0,"advance":61.75,"is_white_space":true,"uv_min":[0.0,0.0],"uv_max":[0.0,0.0]},"R":{"xmin":-12.125,"ymin":-17.65625,"width":73.8125,"height":79.75,"advance":46.65625,"is_white_space":false,"uv_min":[0.18945312,0.2861328],"uv_max":[0.2626953,0.36523438]},"p":{"xmin":-13.40625,"ymin":-36.96875,"width":69.875,"height":86.25,"advance":42.96875,"is_white_space":false,"uv_min":[0.3466797,0.2861328],"uv_max":[0.41601562,0.37109375]},"i":{"xmin":-13.71875,"ymin":-16.65625,"width":46.6875,"height":82.09375,"advance":20.40625,"is_white_space":false,"uv_min":[0.26757812,0.625],"uv_max":[0.31347656,0.7060547]},"s":{"xmin":-12.9921875,"ymin":-17.09375,"width":60.367188,"height":66.5625,"advance":33.59375,"is_white_space":false,"uv_min":[0.86035156,0.20703125],"uv_max":[0.9199219,0.2734375]},"Ü":{"xmin":-13.71875,"ymin":-17.09375,"width":72.4375,"height":92.96875,"advance":46.28125,"is_white_space":false,"uv_min":[0.41601562,0.51953125],"uv_max":[0.4873047,0.6113281]},"z":{"xmin":-13.4375,"ymin":-18.75,"width":66.3125,"height":67.96875,"advance":38.78125,"is_white_space":false,"uv_min":[0.3466797,0.4560547],"uv_max":[0.41210938,0.5234375]},"L":{"xmin":-12.125,"ymin":-16.0,"width":68.625,"height":77.59375,"advance":42.125,"is_white_space":false,"uv_min":[0.2626953,0.12890625],"uv_max":[0.3310547,0.20507812]},"\"":{"xmin":-14.40625,"ymin":17.21875,"width":51.78125,"height":47.21875,"advance":22.96875,"is_white_space":false,"uv_min":[0.041992188,0.0],"uv_max":[0.09375,0.046875]},"-":{"xmin":-12.4375,"ymin":4.40625,"width":51.90625,"height":38.0625,"advance":27.0,"is_white_space":false,"uv_min":[0.13378906,0.0],"uv_max":[0.18554688,0.038085938]},">":{"xmin":-13.125,"ymin":-8.375,"width":57.03125,"height":62.46875,"advance":31.4375,"is_white_space":false,"uv_min":[0.82421875,0.046875],"uv_max":[0.8808594,0.109375]},"F":{"xmin":-12.125,"ymin":-16.8125,"width":64.46875,"height":78.25,"advance":37.3125,"is_white_space":false,"uv_min":[0.10449219,0.60546875],"uv_max":[0.16894531,0.6826172]},"_":{"xmin":-14.40625,"ymin":-30.46875,"width":67.03125,"height":36.90625,"advance":38.28125,"is_white_space":false,"uv_min":[0.18945312,0.8076172],"uv_max":[0.25585938,0.84472656]},"/":{"xmin":-17.59375,"ymin":-27.0,"width":60.90625,"height":96.625,"advance":23.8125,"is_white_space":false,"uv_min":[0.041992188,0.5136719],"uv_max":[0.10253906,0.60839844]},"+":{"xmin":-11.84375,"ymin":-6.40625,"width":58.875,"height":58.625,"advance":35.25,"is_white_space":false,"uv_min":[0.041992188,0.45507812],"uv_max":[0.10058594,0.5136719]},"I":{"xmin":-12.125,"ymin":-16.8125,"width":46.5,"height":77.9375,"advance":23.21875,"is_white_space":false,"uv_min":[0.94433594,0.046875],"uv_max":[0.99121094,0.12402344]},"(":{"xmin":-11.1875,"ymin":-28.875,"width":47.21875,"height":97.75,"advance":22.90625,"is_white_space":false,"uv_min":[0.041992188,0.20800781],"uv_max":[0.08984375,0.30371094]},"B":{"xmin":-12.40625,"ymin":-17.34375,"width":70.96875,"height":79.46875,"advance":45.4375,"is_white_space":false,"uv_min":[0.10449219,0.2919922],"uv_max":[0.17480469,0.37109375]},".":{"xmin":-12.46875,"ymin":-16.125,"width":42.0625,"height":41.875,"advance":17.15625,"is_white_space":false,"uv_min":[0.0,0.12792969],"uv_max":[0.041992188,0.16992188]},"J":{"xmin":-17.28125,"ymin":-29.5,"width":54.96875,"height":90.625,"advance":26.5625,"is_white_space":false,"uv_min":[0.10449219,0.8388672],"uv_max":[0.15917969,0.92871094]},"7":{"xmin":-15.6875,"ymin":-16.5,"width":62.40625,"height":77.9375,"advance":31.75,"is_white_space":false,"uv_min":[0.041992188,0.765625],"uv_max":[0.103515625,0.84277344]},"T":{"xmin":-15.6875,"ymin":-16.8125,"width":75.59375,"height":78.0,"advance":44.21875,"is_white_space":false,"uv_min":[0.5644531,0.12890625],"uv_max":[0.6386719,0.20605469]},"d":{"xmin":-13.5,"ymin":-17.09375,"width":70.09375,"height":81.65625,"advance":42.21875,"is_white_space":false,"uv_min":[0.26757812,0.29589844],"uv_max":[0.33691406,0.37695312]},"e":{"xmin":-12.46875,"ymin":-17.09375,"width":63.9375,"height":66.4375,"advance":37.375,"is_white_space":false,"uv_min":[0.5029297,0.20703125],"uv_max":[0.56640625,0.2734375]},"n":{"xmin":-13.4375,"ymin":-17.125,"width":72.6875,"height":66.46875,"advance":44.875,"is_white_space":false,"uv_min":[0.6582031,0.20703125],"uv_max":[0.73046875,0.2734375]},":":{"xmin":-11.1875,"ymin":-16.0,"width":42.0625,"height":62.15625,"advance":19.71875,"is_white_space":false,"uv_min":[0.041992188,0.84277344],"uv_max":[0.083984375,0.9042969]},"Z":{"xmin":-13.75,"ymin":-16.59375,"width":69.8125,"height":78.21875,"advance":41.65625,"is_white_space":false,"uv_min":[0.8496094,0.12890625],"uv_max":[0.9189453,0.20605469]},"S":{"xmin":-12.40625,"ymin":-17.09375,"width":64.875,"height":79.1875,"advance":38.71875,"is_white_space":false,"uv_min":[0.18945312,0.36523438],"uv_max":[0.25390625,0.44433594]},"y":{"xmin":-17.5625,"ymin":-37.5,"width":73.5625,"height":86.78125,"advance":40.0625,"is_white_space":false,"uv_min":[0.41601562,0.35253906],"uv_max":[0.48828125,0.43847656]},"Y":{"xmin":-14.96875,"ymin":-16.8125,"width":69.75,"height":78.90625,"advance":39.75,"is_white_space":false,"uv_min":[0.78125,0.12890625],"uv_max":[0.8496094,0.20703125]},"U":{"xmin":-13.71875,"ymin":-17.09375,"width":72.4375,"height":78.40625,"advance":46.28125,"is_white_space":false,"uv_min":[0.6386719,0.12890625],"uv_max":[0.70996094,0.20703125]},"{":{"xmin":-11.15625,"ymin":-27.59375,"width":47.59375,"height":95.5625,"advance":23.375,"is_white_space":false,"uv_min":[0.3466797,0.5234375],"uv_max":[0.39453125,0.6171875]},"~":{"xmin":-13.09375,"ymin":2.8125,"width":61.15625,"height":41.390625,"advance":34.9375,"is_white_space":false,"uv_min":[0.18554688,0.0],"uv_max":[0.24707031,0.041992188]},"\n":{"xmin":2.15625,"ymin":-5.03125,"width":58.34375,"height":44.0,"advance":61.75,"is_white_space":true,"uv_min":[0.0,0.0],"uv_max":[0.0,0.0]},"V":{"xmin":-15.625,"ymin":-17.03125,"width":74.3125,"height":79.125,"advance":43.65625,"is_white_space":false,"uv_min":[0.18945312,0.44433594],"uv_max":[0.2626953,0.5234375]},"g":{"xmin":-14.0625,"ymin":-38.71875,"width":78.0625,"height":89.34375,"advance":46.40625,"is_white_space":false,"uv_min":[0.26757812,0.45703125],"uv_max":[0.34472656,0.5449219]},"A":{"xmin":-15.03125,"ymin":-17.0625,"width":73.09375,"height":78.5,"advance":44.59375,"is_white_space":false,"uv_min":[0.48828125,0.35253906],"uv_max":[0.56152344,0.43066406]},")":{"xmin":-13.125,"ymin":-28.875,"width":47.25,"height":97.75,"advance":22.90625,"is_white_space":false,"uv_min":[0.041992188,0.30371094],"uv_max":[0.08984375,0.39941406]},"2":{"xmin":-11.09375,"ymin":-16.0,"width":64.21875,"height":78.15625,"advance":39.375,"is_white_space":false,"uv_min":[0.38183594,0.046875],"uv_max":[0.44628906,0.12402344]},"P":{"xmin":-12.09375,"ymin":-16.8125,"width":68.71875,"height":78.90625,"advance":43.53125,"is_white_space":false,"uv_min":[0.49609375,0.12890625],"uv_max":[0.5644531,0.20703125]},"v":{"xmin":-16.5625,"ymin":-17.15625,"width":69.03125,"height":67.125,"advance":36.8125,"is_white_space":false,"uv_min":[0.48632812,0.2861328],"uv_max":[0.5546875,0.35253906]},"@":{"xmin":-12.46875,"ymin":-24.5625,"width":86.0625,"height":86.3125,"advance":61.125,"is_white_space":false,"uv_min":[0.10449219,0.12890625],"uv_max":[0.18945312,0.21386719]},"ü":{"xmin":-13.75,"ymin":-17.09375,"width":70.90625,"height":81.125,"advance":42.875,"is_white_space":false,"uv_min":[0.41601562,0.43847656],"uv_max":[0.48632812,0.51953125]}," ":{"xmin":0.0,"ymin":0.0,"width":0.0,"height":0.0,"advance":19.1875,"is_white_space":true,"uv_min":[0.0,0.0],"uv_max":[0.0,0.0]},